id,question,gold_sql,pred_sql_raw,pred_sql_norm,em,ex,valid_sql,latency_ms,error
hospital_1_1,Which department has the largest number of employees?,SELECT name FROM department GROUP BY departmentID ORDER BY count(departmentID) DESC LIMIT 1;,SELECT T1.name FROM department AS T1 JOIN physician AS T2 ON T1.department = T2.physician * GROUP BY T1.DepartmentID ORDER BY count(*) DESC LIMIT 1,,0,0,0,8082.59,ParseError
hospital_1_2,Find the department with the most employees.,SELECT name FROM department GROUP BY departmentID ORDER BY count(departmentID) DESC LIMIT 1;,SELECT T1.name FROM department AS T1 JOIN physician AS T2 ON T1.department = T2.physician * GROUP BY T1.DepartmentID ORDER BY count(*) DESC LIMIT 1,,0,0,0,1652.68,ParseError
hospital_1_3,What is the employee id of the head whose department has the least number of employees?,SELECT head FROM department GROUP BY departmentID ORDER BY count(departmentID) LIMIT 1;,SELECT T1.employeeid FROM department AS T1 JOIN physician AS T2 ON T1.head = T2.physician * GROUP BY T1.departmentID ORDER BY count(*) LIMIT 1,,0,0,0,2727.25,ParseError
hospital_1_4,Tell me the employee id of the head of the department with the least employees.,SELECT head FROM department GROUP BY departmentID ORDER BY count(departmentID) LIMIT 1;,SELECT T1.EmployeeID FROM department AS T1 JOIN physician AS T2 ON T1.DepartmentID = T2.Physician * GROUP BY T1.DEPARTMENTID ORDER BY count(*) LIMIT 1,,0,0,0,1832.82,ParseError
hospital_1_5,what is the name and position of the head whose department has least number of employees?,"SELECT T2.name ,  T2.position FROM department AS T1 JOIN physician AS T2 ON T1.head  =  T2.EmployeeID GROUP BY departmentID ORDER BY count(departmentID) LIMIT 1;","SELECT T1.name, T1.position FROM department AS T1 JOIN physician AS T2 ON T1.EmployeeID = T2.physician ORDER BY count(departmentID) LIMIT 1","SELECT T1.name, T1.position FROM department AS T1 JOIN physician AS T2 ON T1.EmployeeID = T2.physician ORDER BY COUNT(departmentID) LIMIT 1",0,0,0,1507.1,no such column: T1.position
hospital_1_6,Find the name and position of the head of the department with the least employees.,"SELECT T2.name ,  T2.position FROM department AS T1 JOIN physician AS T2 ON T1.head  =  T2.EmployeeID GROUP BY departmentID ORDER BY count(departmentID) LIMIT 1;","SELECT T2.name, T2.position FROM department AS T1 JOIN physician AS T2 ON T1.department = T2.physician * GROUP BY departmentID ORDER BY count(*) LIMIT 1",,0,0,0,1674.63,ParseError
hospital_1_7,What are names of patients who made an appointment?,SELECT name FROM appointment AS T1 JOIN patient AS T2 ON T1.patient  =  T2.ssn;,SELECT T1.name FROM patient AS T1 JOIN appointment AS T2 ON T1.ssn = T2.patient,SELECT T1.name FROM patient AS T1 JOIN appointment AS T2 ON T1.ssn = T2.patient,0,1,1,1154.87,
hospital_1_8,List the names of patients who have made appointments.,SELECT name FROM appointment AS T1 JOIN patient AS T2 ON T1.patient  =  T2.ssn;,SELECT T1.name FROM patient AS T1 JOIN appointment AS T2 ON T1.ssn = T2.patient,SELECT T1.name FROM patient AS T1 JOIN appointment AS T2 ON T1.ssn = T2.patient,0,1,1,1283.51,
hospital_1_9,what are name and phone number of patients who had more than one appointment?,"SELECT name ,  phone FROM appointment AS T1 JOIN patient AS T2 ON T1.patient  =  T2.ssn GROUP BY T1.patient HAVING count(*)  >  1;","SELECT T1.name, T1.phone FROM patient AS T1 JOIN appointment AS T2 ON T1.ssn = T2.patient GROUP BY T1.employeeid HAVING count(*) > 1","SELECT T1.name, T1.phone FROM patient AS T1 JOIN appointment AS T2 ON T1.ssn = T2.patient GROUP BY T1.employeeid HAVING COUNT(*) > 1",0,0,0,1571.32,no such column: T1.employeeid
hospital_1_10,Which patients made more than one appointment? Tell me the name and phone number of these patients.,"SELECT name ,  phone FROM appointment AS T1 JOIN patient AS T2 ON T1.patient  =  T2.ssn GROUP BY T1.patient HAVING count(*)  >  1;","SELECT T1.name, T1.phone FROM patient AS T1 JOIN appointment AS T2 ON T1.ssn = T2.patient GROUP BY T1.employeeid HAVING count(*) > 1","SELECT T1.name, T1.phone FROM patient AS T1 JOIN appointment AS T2 ON T1.ssn = T2.patient GROUP BY T1.employeeid HAVING COUNT(*) > 1",0,0,0,1584.83,no such column: T1.employeeid
hospital_1_11,Find the id of the appointment with the most recent start date?,SELECT appointmentid FROM appointment ORDER BY START DESC LIMIT 1;,SELECT appointmentid FROM appointment ORDER BY start DESC LIMIT 1,SELECT appointmentid FROM appointment ORDER BY start DESC LIMIT 1,0,1,1,618.52,
hospital_1_12,What is the id of the appointment that started most recently?,SELECT appointmentid FROM appointment ORDER BY START DESC LIMIT 1;,SELECT appointmentid FROM appointment ORDER BY start DESC LIMIT 1,SELECT appointmentid FROM appointment ORDER BY start DESC LIMIT 1,0,1,1,1200.33,
hospital_1_13,List the name of physicians who took some appointment.,SELECT T2.name FROM appointment AS T1 JOIN physician AS T2 ON T1.Physician  =  T2.EmployeeID;,SELECT T2.name FROM appointment AS T1 JOIN physician AS T2 ON T1.Physician = T2.EmployeeID,SELECT T2.name FROM appointment AS T1 JOIN physician AS T2 ON T1.Physician = T2.EmployeeID,1,1,1,1441.24,
hospital_1_14,What are the names of all the physicians who took appointments.,SELECT T2.name FROM appointment AS T1 JOIN physician AS T2 ON T1.Physician  =  T2.EmployeeID;,SELECT T2.name FROM appointment AS T1 JOIN physician AS T2 ON T1.Physician = T2.EmployeeID,SELECT T2.name FROM appointment AS T1 JOIN physician AS T2 ON T1.Physician = T2.EmployeeID,1,1,1,1440.72,
hospital_1_15,List the name of physicians who never took any appointment.,SELECT name FROM physician EXCEPT SELECT T2.name FROM appointment AS T1 JOIN physician AS T2 ON T1.Physician  =  T2.EmployeeID;,SELECT name FROM physician WHERE EMPLOYEEID NOT IN (SELECT physician FROM appointment),SELECT name FROM physician WHERE NOT EMPLOYEEID IN (SELECT physician FROM appointment),0,1,1,1373.59,
hospital_1_16,Which physicians have never taken any appointment? Find their names.,SELECT name FROM physician EXCEPT SELECT T2.name FROM appointment AS T1 JOIN physician AS T2 ON T1.Physician  =  T2.EmployeeID;,SELECT T2.name FROM appointment AS T1 JOIN physician AS T2 ON T1.Physician = T2.EmployeeID WHERE T1.SSN = 'A',SELECT T2.name FROM appointment AS T1 JOIN physician AS T2 ON T1.Physician = T2.EmployeeID WHERE T1.SSN = 'A',0,0,0,3531.74,no such column: T1.SSN
hospital_1_17,Find the names of all physicians and their primary affiliated departments' names.,"SELECT T1.name ,  T3.name FROM physician AS T1 JOIN affiliated_with AS T2 ON T1.EmployeeID  =  T2.physician JOIN department AS T3 ON T2.department  =  T3.DepartmentID WHERE T2.PrimaryAffiliation  =  1;","SELECT T1.name, T1.department FROM physician AS T1 JOIN affiliated_with AS T2 ON T1.employeeid = T2.physician WHERE T2.primaryaffiliation = 1","SELECT T1.name, T1.department FROM physician AS T1 JOIN affiliated_with AS T2 ON T1.employeeid = T2.physician WHERE T2.primaryaffiliation = 1",0,0,0,3403.55,no such column: T1.department
hospital_1_18,What are the name and primarily affiliated department name of each physician?,"SELECT T1.name ,  T3.name FROM physician AS T1 JOIN affiliated_with AS T2 ON T1.EmployeeID  =  T2.physician JOIN department AS T3 ON T2.department  =  T3.DepartmentID WHERE T2.PrimaryAffiliation  =  1;","SELECT T1.name, T1.principalaffiliation FROM physician AS T1 JOIN affiliated_with AS T2 ON T1.employeeid = T2.physician WHERE T2.firstaid = 'FK'","SELECT T1.name, T1.principalaffiliation FROM physician AS T1 JOIN affiliated_with AS T2 ON T1.employeeid = T2.physician WHERE T2.firstaid = 'FK'",0,0,0,3785.33,no such column: T1.principalaffiliation
hospital_1_19,What is the name of the patient who made the most recent appointment?,SELECT T1.name FROM patient AS T1 JOIN appointment AS T2 ON T1.ssn = T2.patient ORDER BY T2.start DESC LIMIT 1;,SELECT T1.name FROM patient AS T1 JOIN appointment AS T2 ON T1.ssn = T2.patient ORDER BY T2.dateUndergoes DESC LIMIT 1,SELECT T1.name FROM patient AS T1 JOIN appointment AS T2 ON T1.ssn = T2.patient ORDER BY T2.dateUndergoes DESC LIMIT 1,0,0,0,2322.77,no such column: T2.dateUndergoes
hospital_1_20,Find the name of the patient who made the appointment with the most recent start date.,SELECT T1.name FROM patient AS T1 JOIN appointment AS T2 ON T1.ssn = T2.patient ORDER BY T2.start DESC LIMIT 1;,SELECT T1.name FROM patient AS T1 JOIN appointment AS T2 ON T1.ssn = T2.patient ORDER BY T2.start DESC LIMIT 1,SELECT T1.name FROM patient AS T1 JOIN appointment AS T2 ON T1.ssn = T2.patient ORDER BY T2.start DESC LIMIT 1,1,1,1,2142.47,
hospital_1_21,How many patients stay in room 112?,SELECT count(patient) FROM stay WHERE room  =  112;,SELECT count(*) FROM patient AS T1 JOIN stay AS T2 ON T1.SSN = T2.patient WHERE T1.room = 112,SELECT COUNT(*) FROM patient AS T1 JOIN stay AS T2 ON T1.SSN = T2.patient WHERE T1.room = 112,0,0,0,2139.81,no such column: T1.room
hospital_1_22,Count the number of patients who stayed in room 112.,SELECT count(patient) FROM stay WHERE room  =  112;,SELECT count(*) FROM patient AS T1 JOIN stay AS T2 ON T1.SSN = T2.patient WHERE T2.room = 112,SELECT COUNT(*) FROM patient AS T1 JOIN stay AS T2 ON T1.SSN = T2.patient WHERE T2.room = 112,0,1,1,2618.66,
hospital_1_23,How many patients' prescriptions are made by physician John Dorian?,"SELECT count(T1.SSN) FROM patient AS T1 JOIN prescribes AS T2 ON T1.SSN  =  T2.patient JOIN physician AS T3 ON T2.physician  =  T3.employeeid WHERE T3.name = ""John Dorian"";","SELECT count(*) FROM patient AS T1 JOIN prescribes AS T2 ON T1.ssn = T2.patient WHERE T1.name = ""John Dorian""","SELECT COUNT(*) FROM patient AS T1 JOIN prescribes AS T2 ON T1.ssn = T2.patient WHERE T1.name = ""John Dorian""",0,0,1,2742.32,
hospital_1_24,Find the number of patients' prescriptions physician John Dorian made.,"SELECT count(T1.SSN) FROM patient AS T1 JOIN prescribes AS T2 ON T1.SSN  =  T2.patient JOIN physician AS T3 ON T2.physician  =  T3.employeeid WHERE T3.name = ""John Dorian"";","SELECT count(*) FROM patient AS T1 JOIN prescribes AS T2 ON T1.SSN = T2.patient WHERE T1.name = ""John Dorian""","SELECT COUNT(*) FROM patient AS T1 JOIN prescribes AS T2 ON T1.SSN = T2.patient WHERE T1.name = ""John Dorian""",0,0,1,2717.61,
hospital_1_25,Find the name of medication used on the patient who stays in room 111?,SELECT T4.name FROM stay AS T1 JOIN patient AS T2 ON T1.Patient  =  T2.SSN JOIN Prescribes AS T3 ON T3.Patient  =  T2.SSN JOIN Medication AS T4 ON T3.Medication  =  T4.Code WHERE room  =  111;,SELECT T1.name FROM medication AS T1 JOIN stay AS T2 ON T1.code = T2.medication WHERE T2.room = 111,SELECT T1.name FROM medication AS T1 JOIN stay AS T2 ON T1.code = T2.medication WHERE T2.room = 111,0,0,0,2069.08,no such column: T2.medication
hospital_1_26,What is the name of the medication used for the patient staying in room 111?,SELECT T4.name FROM stay AS T1 JOIN patient AS T2 ON T1.Patient  =  T2.SSN JOIN Prescribes AS T3 ON T3.Patient  =  T2.SSN JOIN Medication AS T4 ON T3.Medication  =  T4.Code WHERE room  =  111;,SELECT T1.name FROM medication AS T1 JOIN stay AS T2 ON T1.code = T2.medication WHERE T2.room = 111,SELECT T1.name FROM medication AS T1 JOIN stay AS T2 ON T1.code = T2.medication WHERE T2.room = 111,0,0,0,2079.2,no such column: T2.medication
hospital_1_27,Find the patient who most recently stayed in room 111.,SELECT patient FROM stay WHERE room  =  111 ORDER BY staystart DESC LIMIT 1;,SELECT patient FROM stay WHERE room = 111 ORDER BY staystart DESC LIMIT 1,SELECT patient FROM stay WHERE room = 111 ORDER BY staystart DESC LIMIT 1,1,1,1,2690.45,
hospital_1_28,What is the id of the patient who stayed in room 111 most recently?,SELECT patient FROM stay WHERE room  =  111 ORDER BY staystart DESC LIMIT 1;,SELECT patient FROM stay WHERE room = 111 ORDER BY staystart DESC LIMIT 1,SELECT patient FROM stay WHERE room = 111 ORDER BY staystart DESC LIMIT 1,1,1,1,2910.72,
hospital_1_29,What is the name of the nurse has the most appointments?,SELECT T1.name FROM nurse AS T1 JOIN appointment AS T2 ON T1.employeeid  =  T2.prepnurse GROUP BY T1.employeeid ORDER BY count(*) DESC LIMIT 1;,SELECT T2.name FROM appointment AS T1 JOIN nurse AS T2 ON T1.prepnurse = T2.employeeid WHERE T1.ssn = 1 GROUP BY T1.surgery ORDER BY count(*) DESC LIMIT 1,SELECT T2.name FROM appointment AS T1 JOIN nurse AS T2 ON T1.prepnurse = T2.employeeid WHERE T1.ssn = 1 GROUP BY T1.surgery ORDER BY COUNT(*) DESC LIMIT 1,0,0,0,3943.62,no such column: T1.ssn
hospital_1_30,Find the name of the nurse who has the largest number of appointments.,SELECT T1.name FROM nurse AS T1 JOIN appointment AS T2 ON T1.employeeid  =  T2.prepnurse GROUP BY T1.employeeid ORDER BY count(*) DESC LIMIT 1;,SELECT T1.name FROM nurse AS T1 JOIN appointment AS T2 ON T1.employeeid = T2.prepnurse GROUP BY T1.jobid ORDER BY count(*) DESC LIMIT 1,SELECT T1.name FROM nurse AS T1 JOIN appointment AS T2 ON T1.employeeid = T2.prepnurse GROUP BY T1.jobid ORDER BY COUNT(*) DESC LIMIT 1,0,0,0,3388.87,no such column: T1.jobid
hospital_1_31,How many patients do each physician take care of? List their names and number of patients they take care of.,"SELECT T1.name ,  count(*) FROM physician AS T1 JOIN patient AS T2 ON T1.employeeid  =  T2.PCP GROUP BY T1.employeeid;","SELECT T1.name, count(*) FROM physician AS T1 JOIN department AS T2 ON T1.EmployeeID = T2.DepartmentID WHERE T2.name = 'FK'","SELECT T1.name, COUNT(*) FROM physician AS T1 JOIN department AS T2 ON T1.EmployeeID = T2.DepartmentID WHERE T2.name = 'FK'",0,0,1,3855.36,
hospital_1_32,Return the name of each physician and the number of patients he or she treats.,"SELECT T1.name ,  count(*) FROM physician AS T1 JOIN patient AS T2 ON T1.employeeid  =  T2.PCP GROUP BY T1.employeeid;","SELECT T1.name, count(*) FROM physician AS T1 JOIN patient AS T2 ON T1.employeeid = T2.PCP GROUP BY T1.physician","SELECT T1.name, COUNT(*) FROM physician AS T1 JOIN patient AS T2 ON T1.employeeid = T2.PCP GROUP BY T1.physician",0,0,0,3728.15,no such column: T1.physician
hospital_1_33,Find the name of physicians who are in charge of more than one patient.,SELECT T1.name FROM physician AS T1 JOIN patient AS T2 ON T1.employeeid  =  T2.PCP GROUP BY T1.employeeid HAVING count(*)  >  1;,SELECT T2.name FROM patient AS T1 JOIN physician AS T2 ON T1.ssn = T2.PCP GROUP BY T1.employeeid HAVING count(*) > 1,SELECT T2.name FROM patient AS T1 JOIN physician AS T2 ON T1.ssn = T2.PCP GROUP BY T1.employeeid HAVING COUNT(*) > 1,0,0,0,3267.65,no such column: T2.PCP
hospital_1_34,Which physicians are in charge of more than one patient? Give me their names.,SELECT T1.name FROM physician AS T1 JOIN patient AS T2 ON T1.employeeid  =  T2.PCP GROUP BY T1.employeeid HAVING count(*)  >  1;,SELECT T1.name FROM physician AS T1 JOIN patient AS T2 ON T1.EmployeeID = T2.PCP GROUP BY T1.employed_with physician ORDER BY count(*) DESC LIMIT 1,,0,0,0,3027.3,ParseError
hospital_1_35,Find the number of rooms located on each block floor.,"SELECT count(*) ,  T1.blockfloor FROM BLOCK AS T1 JOIN room AS T2 ON T1.blockfloor  =  T2.blockfloor AND T1.blockcode  =  T2.blockcode GROUP BY T1.blockfloor;","SELECT count(*), T1.blockfloor FROM BLOCK AS T1 JOIN patient AS T2 ON T1.BLOCKFLOOR = T2.BLOOD WHERE T2.SSN = 'A' GROUP BY T2.blockfloor","SELECT COUNT(*), T1.blockfloor FROM BLOCK AS T1 JOIN patient AS T2 ON T1.BLOCKFLOOR = T2.BLOOD WHERE T2.SSN = 'A' GROUP BY T2.blockfloor",0,0,0,3509.11,no such column: T2.BLOOD
hospital_1_36,How many rooms does each block floor have?,"SELECT count(*) ,  T1.blockfloor FROM BLOCK AS T1 JOIN room AS T2 ON T1.blockfloor  =  T2.blockfloor AND T1.blockcode  =  T2.blockcode GROUP BY T1.blockfloor;","SELECT count(*), T1.blockfloor FROM BLOCK AS T1 JOIN patient AS T2 ON T1.BLOCKFLOOR = T2.BLOOD WHERE T2.SSN = 'A' GROUP BY T2.blockfloor","SELECT COUNT(*), T1.blockfloor FROM BLOCK AS T1 JOIN patient AS T2 ON T1.BLOCKFLOOR = T2.BLOOD WHERE T2.SSN = 'A' GROUP BY T2.blockfloor",0,0,0,3588.89,no such column: T2.BLOOD
hospital_1_37,Find the number of rooms for different block code?,"SELECT count(*) ,  T1.blockcode FROM BLOCK AS T1 JOIN room AS T2 ON T1.blockfloor  =  T2.blockfloor AND T1.blockcode  =  T2.blockcode GROUP BY T1.blockcode;","SELECT count(*), T1.blockcode FROM BLOCK AS T1 JOIN patient AS T2 ON T1.BLOCK_CODE = T2.patient_id GROUP BY T2.blockcode","SELECT COUNT(*), T1.blockcode FROM BLOCK AS T1 JOIN patient AS T2 ON T1.BLOCK_CODE = T2.patient_id GROUP BY T2.blockcode",0,0,0,3518.54,no such column: T1.BLOCK_CODE
hospital_1_38,How many rooms are located for each block code?,"SELECT count(*) ,  T1.blockcode FROM BLOCK AS T1 JOIN room AS T2 ON T1.blockfloor  =  T2.blockfloor AND T1.blockcode  =  T2.blockcode GROUP BY T1.blockcode;","SELECT T1.blockcode, count(*) FROM BLOCK AS T1 JOIN patient AS T2 ON T1.BLOCK_CODE = T2.patient_ID GROUP BY T2.blockcode","SELECT T1.blockcode, COUNT(*) FROM BLOCK AS T1 JOIN patient AS T2 ON T1.BLOCK_CODE = T2.patient_ID GROUP BY T2.blockcode",0,0,0,3431.62,no such column: T1.BLOCK_CODE
hospital_1_39,What are the unique block codes that have available rooms?,SELECT DISTINCT blockcode FROM room WHERE unavailable  =  0;,SELECT DISTINCT blockcode FROM room WHERE unavailable = 0,SELECT DISTINCT blockcode FROM room WHERE unavailable = 0,1,1,1,2628.16,
hospital_1_40,Tell me the distinct block codes where some rooms are available.,SELECT DISTINCT blockcode FROM room WHERE unavailable  =  0;,SELECT DISTINCT blockcode FROM room WHERE unavailable = 'Yes',SELECT DISTINCT blockcode FROM room WHERE unavailable = 'Yes',0,0,1,2500.38,
hospital_1_41,How many different types of rooms are there?,SELECT count(DISTINCT roomtype) FROM room;,SELECT count(DISTINCT roomtype) FROM appointment,SELECT COUNT(DISTINCT roomtype) FROM appointment,0,0,0,873.78,no such column: roomtype
hospital_1_42,Find the number of distinct room types available.,SELECT count(DISTINCT roomtype) FROM room;,SELECT count(DISTINCT roomtype) FROM room,SELECT COUNT(DISTINCT roomtype) FROM room,1,1,1,762.76,
hospital_1_43,What is the names of the physicians who prescribe medication Thesisin?,"SELECT DISTINCT T1.name FROM physician AS T1 JOIN prescribes AS T2 ON T1.employeeid = T2.physician JOIN medication AS T3 ON T3.code = T2.medication WHERE T3.name  =  ""Thesisin"";","SELECT T1.name FROM physician AS T1 JOIN prescribes AS T2 ON T1.employeeid = T2.physician WHERE T2.name = ""Thesisin""","SELECT T1.name FROM physician AS T1 JOIN prescribes AS T2 ON T1.employeeid = T2.physician WHERE T2.name = ""Thesisin""",0,0,0,3242.44,no such column: T2.name
hospital_1_44,List the names of all the physicians who prescribe Thesisin as medication.,"SELECT DISTINCT T1.name FROM physician AS T1 JOIN prescribes AS T2 ON T1.employeeid = T2.physician JOIN medication AS T3 ON T3.code = T2.medication WHERE T3.name  =  ""Thesisin"";","SELECT T1.name FROM physician AS T1 JOIN prescribes AS T2 ON T1.employeeid = T2.physician WHERE T2.name = ""Thesisin""","SELECT T1.name FROM physician AS T1 JOIN prescribes AS T2 ON T1.employeeid = T2.physician WHERE T2.name = ""Thesisin""",0,0,0,3377.95,no such column: T2.name
hospital_1_45,Find the name and position of physicians who prescribe some medication whose brand is X?,"SELECT DISTINCT T1.name ,  T1.position FROM physician AS T1 JOIN prescribes AS T2 ON T1.employeeid = T2.physician JOIN medication AS T3 ON T3.code = T2.medication WHERE T3.Brand  =  ""X"";","SELECT T2.name, T2.position FROM appointment AS T1 JOIN physician AS T2 ON T1.Physician = T2.EmployeeID WHERE T1.name = ""X""","SELECT T2.name, T2.position FROM appointment AS T1 JOIN physician AS T2 ON T1.Physician = T2.EmployeeID WHERE T1.name = ""X""",0,0,0,2845.19,no such column: T1.name
hospital_1_46,Which physicians prescribe a medication of brand X? Tell me the name and position of those physicians.,"SELECT DISTINCT T1.name ,  T1.position FROM physician AS T1 JOIN prescribes AS T2 ON T1.employeeid = T2.physician JOIN medication AS T3 ON T3.code = T2.medication WHERE T3.Brand  =  ""X"";","SELECT T1.name, T1.position FROM physician AS T1 JOIN prescribes AS T2 ON T1.employeeid = T2.physician POSITION = 'X'",,0,0,0,3288.12,ParseError
hospital_1_47,Find the number of medications prescribed for each brand.,"SELECT count(*) ,  T1.name FROM medication AS T1 JOIN prescribes AS T2 ON T1.code = T2.medication GROUP BY T1.brand;","SELECT T1.name, count(*) FROM medication AS T1 JOIN prescribes AS T2 ON T1.code = T2.medication GROUP BY T1.brand","SELECT T1.name, COUNT(*) FROM medication AS T1 JOIN prescribes AS T2 ON T1.code = T2.medication GROUP BY T1.brand",0,0,1,2240.17,
hospital_1_48,How many medications are prescribed for each brand?,"SELECT count(*) ,  T1.name FROM medication AS T1 JOIN prescribes AS T2 ON T1.code = T2.medication GROUP BY T1.brand;","SELECT T1.name, count(*) FROM medication AS T1 JOIN appointment AS T2 ON T1.code = T2.medication GROUP BY T1.brand","SELECT T1.name, COUNT(*) FROM medication AS T1 JOIN appointment AS T2 ON T1.code = T2.medication GROUP BY T1.brand",0,0,0,2490.89,no such column: T2.medication
hospital_1_49,Find the name of physicians whose position title contains the word 'senior'.,SELECT name FROM physician WHERE POSITION LIKE '%senior%';,SELECT name FROM physician WHERE POSITION LIKE '%senior%',SELECT name FROM physician WHERE POSITION LIKE '%senior%',1,1,1,2894.75,
hospital_1_50,What are the names of the physicians who have 'senior' in their titles.,SELECT name FROM physician WHERE POSITION LIKE '%senior%';,SELECT name FROM physician WHERE POSITION LIKE '%senior%',SELECT name FROM physician WHERE POSITION LIKE '%senior%',1,1,1,2722.29,
hospital_1_51,Find the patient who has the most recent undergoing treatment?,SELECT patient FROM undergoes ORDER BY dateundergoes LIMIT 1;,SELECT patient FROM undergoes ORDER BY dateundergoes DESC LIMIT 1,SELECT patient FROM undergoes ORDER BY dateundergoes DESC LIMIT 1,0,0,1,2590.07,
hospital_1_52,Which patient is undergoing the most recent treatment?,SELECT patient FROM undergoes ORDER BY dateundergoes LIMIT 1;,SELECT patient FROM undergoes ORDER BY dateundergoes DESC LIMIT 1,SELECT patient FROM undergoes ORDER BY dateundergoes DESC LIMIT 1,0,0,1,2654.74,
hospital_1_53,Find the names of all patients who have an undergoing treatment and are staying in room 111.,SELECT DISTINCT T2.name FROM undergoes AS T1 JOIN patient AS T2 ON T1.patient = T2.SSN JOIN stay AS T3 ON T1.Stay  =  T3.StayID WHERE T3.room  =  111;,SELECT T1.name FROM patient AS T1 JOIN undergoes AS T2 ON T1.ssn = T2.patient WHERE T2.room = 111,SELECT T1.name FROM patient AS T1 JOIN undergoes AS T2 ON T1.ssn = T2.patient WHERE T2.room = 111,0,0,0,3019.08,no such column: T2.room
hospital_1_54,What are the names of patients who are staying in room 111 and have an undergoing treatment?,SELECT DISTINCT T2.name FROM undergoes AS T1 JOIN patient AS T2 ON T1.patient = T2.SSN JOIN stay AS T3 ON T1.Stay  =  T3.StayID WHERE T3.room  =  111;,SELECT T1.name FROM patient AS T1 JOIN undergoes AS T2 ON T1.ssn = T2.patient WHERE T2.room = 111 AND T2.treatment = 'Treatment',SELECT T1.name FROM patient AS T1 JOIN undergoes AS T2 ON T1.ssn = T2.patient WHERE T2.room = 111 AND T2.treatment = 'Treatment',0,0,0,2997.15,no such column: T2.room
hospital_1_55,List the names of all distinct nurses ordered by alphabetical order?,SELECT DISTINCT name FROM nurse ORDER BY name;,SELECT DISTINCT name FROM nurse ORDER BY name ASC,SELECT DISTINCT name FROM nurse ORDER BY name ASC,0,1,1,3227.11,
hospital_1_56,What is the alphabetically ordered list of all the distinct names of nurses?,SELECT DISTINCT name FROM nurse ORDER BY name;,SELECT DISTINCT name FROM nurse ORDER BY name ASC,SELECT DISTINCT name FROM nurse ORDER BY name ASC,0,1,1,3267.02,
hospital_1_57,Find the names of nurses who are nursing an undergoing treatment.,SELECT DISTINCT T2.name FROM undergoes AS T1 JOIN nurse AS T2 ON T1.AssistingNurse  =  T2.EmployeeID;,SELECT T1.name FROM nurse AS T1 JOIN undergoes AS T2 ON T1.EmployeeID = T2.AssistingNurse,SELECT T1.name FROM nurse AS T1 JOIN undergoes AS T2 ON T1.EmployeeID = T2.AssistingNurse,0,1,1,2894.32,
hospital_1_58,Which nurses are in charge of patients undergoing treatments?,SELECT DISTINCT T2.name FROM undergoes AS T1 JOIN nurse AS T2 ON T1.AssistingNurse  =  T2.EmployeeID;,SELECT T1.name FROM nurse AS T1 JOIN undergoes AS T2 ON T1.EmployeeID = T2.AssistingNurse,SELECT T1.name FROM nurse AS T1 JOIN undergoes AS T2 ON T1.EmployeeID = T2.AssistingNurse,0,1,1,3259.47,
hospital_1_59,"List the names of all distinct medications, ordered in an alphabetical order.",SELECT DISTINCT name FROM medication ORDER BY name;,SELECT DISTINCT name FROM medication ORDER BY name ASC,SELECT DISTINCT name FROM medication ORDER BY name ASC,0,1,1,1097.1,
hospital_1_60,What is the alphabetically ordered list of all distinct medications?,SELECT DISTINCT name FROM medication ORDER BY name;,SELECT DISTINCT name FROM medication ORDER BY name,SELECT DISTINCT name FROM medication ORDER BY name,1,1,1,2093.25,
hospital_1_61,What are the names of the physician who prescribed the highest dose?,SELECT T1.name FROM physician AS T1 JOIN prescribes AS T2 ON T1.employeeid = T2.physician ORDER BY T2.dose DESC LIMIT 1;,SELECT T2.name FROM appointment AS T1 JOIN physician AS T2 ON T1.Physician = T2.EmployeeID ORDER BY T1.Dose DESC LIMIT 1,SELECT T2.name FROM appointment AS T1 JOIN physician AS T2 ON T1.Physician = T2.EmployeeID ORDER BY T1.Dose DESC LIMIT 1,0,0,0,2834.01,no such column: T1.Dose
hospital_1_62,Find the physician who prescribed the highest dose. What is his or her name?,SELECT T1.name FROM physician AS T1 JOIN prescribes AS T2 ON T1.employeeid = T2.physician ORDER BY T2.dose DESC LIMIT 1;,SELECT T2.name FROM appointment AS T1 JOIN physician AS T2 ON T1.Physician = T2.EmployeeID ORDER BY T1.Dose DESC LIMIT 1,SELECT T2.name FROM appointment AS T1 JOIN physician AS T2 ON T1.Physician = T2.EmployeeID ORDER BY T1.Dose DESC LIMIT 1,0,0,0,2596.74,no such column: T1.Dose
hospital_1_63,List the physicians' employee ids together with their primary affiliation departments' ids.,"SELECT physician ,  department FROM affiliated_with WHERE primaryaffiliation  =  1;","SELECT T1.employeeid, T1.departmentid FROM physician AS T1 JOIN affiliated_with AS T2 ON T2.physician_id = T1.Employed_with.Physican * INTERSECT ASC LIMIT 1",,0,0,0,3466.98,ParseError
hospital_1_64,What are each physician's employee id and department id primarily affiliated.,"SELECT physician ,  department FROM affiliated_with WHERE primaryaffiliation  =  1;","SELECT T1.name, T1.departmentid FROM physician AS T1 JOIN affiliated_with AS T2 ON T1.employeeid = T2.physician WHERE T2.principalaffiliation = 1","SELECT T1.name, T1.departmentid FROM physician AS T1 JOIN affiliated_with AS T2 ON T1.employeeid = T2.physician WHERE T2.principalaffiliation = 1",0,0,0,2906.88,no such column: T1.departmentid
hospital_1_65,List the names of departments where some physicians are primarily affiliated with.,SELECT DISTINCT T2.name FROM affiliated_with AS T1 JOIN department AS T2 ON T1.department = T2.departmentid WHERE PrimaryAffiliation  =  1;,SELECT T2.name FROM affiliated_with AS T1 JOIN physician AS T2 ON T1.physician = T2.employeeid WHERE T1.primaryaffiliation = 1,SELECT T2.name FROM affiliated_with AS T1 JOIN physician AS T2 ON T1.physician = T2.employeeid WHERE T1.primaryaffiliation = 1,0,0,1,2444.93,
hospital_1_66,What are the names of departments that have primarily affiliated physicians.,SELECT DISTINCT T2.name FROM affiliated_with AS T1 JOIN department AS T2 ON T1.department = T2.departmentid WHERE PrimaryAffiliation  =  1;,SELECT T2.name FROM affiliated_with AS T1 JOIN physician AS T2 ON T1.physician = T2.employeeid WHERE primaryaffiliation = 1,SELECT T2.name FROM affiliated_with AS T1 JOIN physician AS T2 ON T1.physician = T2.employeeid WHERE primaryaffiliation = 1,0,0,1,2492.08,
hospital_1_67,What nurses are on call with block floor 1 and block code 1? Tell me their names.,SELECT nurse FROM on_call WHERE blockfloor  =  1 AND blockcode  =  1;,SELECT T1.name FROM nurse AS T1 JOIN on_call AS T2 ON T1.employeeid = T2.nurse WHERE T2.blockfloor = 1 AND T1.blockcode = 1,SELECT T1.name FROM nurse AS T1 JOIN on_call AS T2 ON T1.employeeid = T2.nurse WHERE T2.blockfloor = 1 AND T1.blockcode = 1,0,0,0,2451.11,no such column: T1.blockcode
hospital_1_68,Find the ids of the nurses who are on call in block floor 1 and block code 1.,SELECT nurse FROM on_call WHERE blockfloor  =  1 AND blockcode  =  1;,SELECT nurse FROM on_call WHERE blockfloor = 1 AND blockcode = 1,SELECT nurse FROM on_call WHERE blockfloor = 1 AND blockcode = 1,1,1,1,3110.79,
hospital_1_69,"What are the highest cost, lowest cost and average cost of procedures?","SELECT MAX(cost) ,  MIN(cost) ,  AVG(cost) FROM procedures;","SELECT max(cost), avg(cost) FROM procedures GROUP BY procedures ORDER BY count(*) DESC LIMIT 1","SELECT MAX(cost), AVG(cost) FROM procedures GROUP BY procedures ORDER BY COUNT(*) DESC LIMIT 1",0,0,0,3475.73,no such column: procedures
hospital_1_70,"Tell me the highest, lowest, and average cost of procedures.","SELECT MAX(cost) ,  MIN(cost) ,  AVG(cost) FROM procedures;","SELECT max(cost), avg(cost) FROM procedures","SELECT MAX(cost), AVG(cost) FROM procedures",0,0,1,2012.01,
hospital_1_71,List the name and cost of all procedures sorted by the cost from the highest to the lowest.,"SELECT name ,  cost FROM procedures ORDER BY cost DESC;","SELECT name, cost FROM procedures ORDER BY cost DESC","SELECT name, cost FROM procedures ORDER BY cost DESC",1,1,1,3005.82,
hospital_1_72,Sort the list of names and costs of all procedures in the descending order of cost.,"SELECT name ,  cost FROM procedures ORDER BY cost DESC;","SELECT name, cost FROM procedures ORDER BY cost DESC","SELECT name, cost FROM procedures ORDER BY cost DESC",1,1,1,2331.12,
hospital_1_73,Find the three most expensive procedures.,SELECT name FROM procedures ORDER BY cost LIMIT 3;,SELECT T1.name FROM procedures AS T1 JOIN trained_in AS T2 ON T1.code = T2.treatment ORDER BY T2.cost DESC LIMIT 3,SELECT T1.name FROM procedures AS T1 JOIN trained_in AS T2 ON T1.code = T2.treatment ORDER BY T2.cost DESC LIMIT 3,0,0,0,2481.71,no such column: T2.cost
hospital_1_74,What are the three most costly procedures?,SELECT name FROM procedures ORDER BY cost LIMIT 3;,SELECT T1.name FROM procedures AS T1 JOIN department AS T2 ON T1.code = T2.treatment ORDER BY T2.cost DESC LIMIT 3,SELECT T1.name FROM procedures AS T1 JOIN department AS T2 ON T1.code = T2.treatment ORDER BY T2.cost DESC LIMIT 3,0,0,0,3228.18,no such column: T2.treatment
hospital_1_75,Find the physicians who are trained in a procedure that costs more than 5000.,SELECT T1.name FROM physician AS T1 JOIN trained_in AS T2 ON T1.employeeid  =  T2.physician JOIN procedures AS T3 ON T3.code  =  T2.treatment WHERE T3.cost  >  5000;,SELECT T1.name FROM physician AS T1 JOIN trained_in AS T2 ON T1.employeeid = T2.physician WHERE T2.cost > 5000,SELECT T1.name FROM physician AS T1 JOIN trained_in AS T2 ON T1.employeeid = T2.physician WHERE T2.cost > 5000,0,0,0,3569.75,no such column: T2.cost
hospital_1_76,Which physicians are trained in procedures that are more expensive than 5000?,SELECT T1.name FROM physician AS T1 JOIN trained_in AS T2 ON T1.employeeid  =  T2.physician JOIN procedures AS T3 ON T3.code  =  T2.treatment WHERE T3.cost  >  5000;,SELECT T1.name FROM physician AS T1 JOIN trained_in AS T2 ON T1.employeeid = T2.physician WHERE T2.cost > 5000,SELECT T1.name FROM physician AS T1 JOIN trained_in AS T2 ON T1.employeeid = T2.physician WHERE T2.cost > 5000,0,0,0,3508.27,no such column: T2.cost
hospital_1_77,Find the physician who was trained in the most expensive procedure?,SELECT T1.name FROM physician AS T1 JOIN trained_in AS T2 ON T1.employeeid  =  T2.physician JOIN procedures AS T3 ON T3.code  =  T2.treatment ORDER BY T3.cost DESC LIMIT 1;,SELECT T1.name FROM physician AS T1 JOIN trained_in AS T2 ON T1.employeeid = T2.physician WHERE T2.treatment = 'Treatment' ORDER BY T2.cost DESC LIMIT 1,SELECT T1.name FROM physician AS T1 JOIN trained_in AS T2 ON T1.employeeid = T2.physician WHERE T2.treatment = 'Treatment' ORDER BY T2.cost DESC LIMIT 1,0,0,0,3938.27,no such column: T2.cost
hospital_1_78,Which physician was trained in the procedure that costs the most.,SELECT T1.name FROM physician AS T1 JOIN trained_in AS T2 ON T1.employeeid  =  T2.physician JOIN procedures AS T3 ON T3.code  =  T2.treatment ORDER BY T3.cost DESC LIMIT 1;,SELECT T1.name FROM physician AS T1 JOIN trained_in AS T2 ON T1.employeeid = T2.physician WHERE T2.cost = (SELECT max(cost) FROM procedures),SELECT T1.name FROM physician AS T1 JOIN trained_in AS T2 ON T1.employeeid = T2.physician WHERE T2.cost = (SELECT MAX(cost) FROM procedures),0,0,0,3279.77,no such column: T2.cost
hospital_1_79,What is the average cost of procedures that physician John Wen was trained in?,"SELECT avg(T3.cost) FROM physician AS T1 JOIN trained_in AS T2 ON T1.employeeid  =  T2.physician JOIN procedures AS T3 ON T3.code  =  T2.treatment WHERE T1.name  =  ""John Wen"";","avg(T1.cost) FROM physician AS T1 JOIN trained_in AS T2 ON T1.employeeid = T2.physician INTERSECT SELECT T2.name FROM physician WHERE T1.name = ""John Wen""",,0,0,0,3789.2,ParseError
hospital_1_80,Compute the mean price of procedures physician John Wen was trained in.,"SELECT avg(T3.cost) FROM physician AS T1 JOIN trained_in AS T2 ON T1.employeeid  =  T2.physician JOIN procedures AS T3 ON T3.code  =  T2.treatment WHERE T1.name  =  ""John Wen"";","SELECT avg(T1.cost) FROM procedures AS T1 JOIN trained_in AS T2 ON T1.code = T2.treatment WHERE T2.name = ""John Wen""","SELECT AVG(T1.cost) FROM procedures AS T1 JOIN trained_in AS T2 ON T1.code = T2.treatment WHERE T2.name = ""John Wen""",0,0,0,3080.3,no such column: T2.name
hospital_1_81,Find the names of procedures which physician John Wen was trained in.,"SELECT T3.name FROM physician AS T1 JOIN trained_in AS T2 ON T1.employeeid  =  T2.physician JOIN procedures AS T3 ON T3.code  =  T2.treatment WHERE T1.name  =  ""John Wen"";","SELECT T1.name FROM procedures AS T1 JOIN trained_in AS T2 ON T1.code = T2.treatment WHERE T2.name = ""John Wen""","SELECT T1.name FROM procedures AS T1 JOIN trained_in AS T2 ON T1.code = T2.treatment WHERE T2.name = ""John Wen""",0,0,0,2584.33,no such column: T2.name
hospital_1_82,What are the names of procedures physician John Wen was trained in?,"SELECT T3.name FROM physician AS T1 JOIN trained_in AS T2 ON T1.employeeid  =  T2.physician JOIN procedures AS T3 ON T3.code  =  T2.treatment WHERE T1.name  =  ""John Wen"";","SELECT T1.name FROM procedures AS T1 JOIN trained_in AS T2 ON T1.code = T2.treatment WHERE T2.name = ""John Wen""","SELECT T1.name FROM procedures AS T1 JOIN trained_in AS T2 ON T1.code = T2.treatment WHERE T2.name = ""John Wen""",0,0,0,2642.82,no such column: T2.name
hospital_1_83,Find all procedures which cost more than 1000 or which physician John Wen was trained in.,"SELECT name FROM procedures WHERE cost  >  1000 UNION SELECT T3.name FROM physician AS T1 JOIN trained_in AS T2 ON T1.employeeid  =  T2.physician JOIN procedures AS T3 ON T3.code  =  T2.treatment WHERE T1.name  =  ""John Wen"";","SELECT T1.name FROM procedures AS T1 JOIN trained_in AS T2 ON T1.code = T2.treatment WHERE T2.name = ""John Wen"" OR T2.cost > 1000","SELECT T1.name FROM procedures AS T1 JOIN trained_in AS T2 ON T1.code = T2.treatment WHERE T2.name = ""John Wen"" OR T2.cost > 1000",0,0,0,2458.71,no such column: T2.name
hospital_1_84,What are the procedures that cost more than 1000 or are specialized in by physician John Wen?,"SELECT name FROM procedures WHERE cost  >  1000 UNION SELECT T3.name FROM physician AS T1 JOIN trained_in AS T2 ON T1.employeeid  =  T2.physician JOIN procedures AS T3 ON T3.code  =  T2.treatment WHERE T1.name  =  ""John Wen"";","SELECT T1.name FROM procedures AS T1 JOIN trained_in AS T2 ON T1.code = T2.treatment WHERE T2.name = ""John Wen"" OR T2.cost > 1000","SELECT T1.name FROM procedures AS T1 JOIN trained_in AS T2 ON T1.code = T2.treatment WHERE T2.name = ""John Wen"" OR T2.cost > 1000",0,0,0,2306.38,no such column: T2.name
hospital_1_85,Find the names of all procedures which cost more than 1000 but which physician John Wen was not trained in?,"SELECT name FROM procedures WHERE cost  >  1000 EXCEPT SELECT T3.name FROM physician AS T1 JOIN trained_in AS T2 ON T1.employeeid  =  T2.physician JOIN procedures AS T3 ON T3.code  =  T2.treatment WHERE T1.name  =  ""John Wen"";","SELECT T1.name FROM procedures AS T1 JOIN trained_in AS T2 ON T1.code = T2.treatment WHERE T2.cost > 1000 AND T2.physician!= ""John Wen""","SELECT T1.name FROM procedures AS T1 JOIN trained_in AS T2 ON T1.code = T2.treatment WHERE T2.cost > 1000 AND T2.physician <> ""John Wen""",0,0,0,3380.3,no such column: T2.cost
hospital_1_86,"Among the procedures that cost more than 1000, which were not specialized in by physician John Wen?","SELECT name FROM procedures WHERE cost  >  1000 EXCEPT SELECT T3.name FROM physician AS T1 JOIN trained_in AS T2 ON T1.employeeid  =  T2.physician JOIN procedures AS T3 ON T3.code  =  T2.treatment WHERE T1.name  =  ""John Wen"";","SELECT T1.name FROM procedures AS T1 JOIN trained_in AS T2 ON T1.code = T2.treatment WHERE T2.name = ""John Wen"" AND T1.cost > 1000","SELECT T1.name FROM procedures AS T1 JOIN trained_in AS T2 ON T1.code = T2.treatment WHERE T2.name = ""John Wen"" AND T1.cost > 1000",0,0,0,6340.59,no such column: T2.name
hospital_1_87,Find the names of all procedures such that the cost is less than 5000 and physician John Wen was trained in.,"SELECT name FROM procedures WHERE cost  <  5000 INTERSECT SELECT T3.name FROM physician AS T1 JOIN trained_in AS T2 ON T1.employeeid  =  T2.physician JOIN procedures AS T3 ON T3.code  =  T2.treatment WHERE T1.name  =  ""John Wen"";","SELECT T1.name FROM procedures AS T1 JOIN trained_in AS T2 ON T1.code = T2.treatment WHERE T2.cost < 5000 AND physician = ""John Wen""","SELECT T1.name FROM procedures AS T1 JOIN trained_in AS T2 ON T1.code = T2.treatment WHERE T2.cost < 5000 AND physician = ""John Wen""",0,0,0,2302.72,no such column: T2.cost
hospital_1_88,What procedures cost less than 5000 and have John Wen as a trained physician?,"SELECT name FROM procedures WHERE cost  <  5000 INTERSECT SELECT T3.name FROM physician AS T1 JOIN trained_in AS T2 ON T1.employeeid  =  T2.physician JOIN procedures AS T3 ON T3.code  =  T2.treatment WHERE T1.name  =  ""John Wen"";","SELECT T1.name FROM procedures AS T1 JOIN trained_in AS T2 ON T1.code = T2.treatment WHERE T2.name = ""John Wen"" AND T1.cost < 5000","SELECT T1.name FROM procedures AS T1 JOIN trained_in AS T2 ON T1.code = T2.treatment WHERE T2.name = ""John Wen"" AND T1.cost < 5000",0,0,0,2515.32,no such column: T2.name
hospital_1_89,Find the name of physicians who are affiliated with both Surgery and Psychiatry departments.,SELECT T1.name FROM physician AS T1 JOIN affiliated_with AS T2 ON T1.EmployeeID  =  T2.physician JOIN department AS T3 ON T2.department  =  T3.DepartmentID WHERE T3.name  =  'Surgery' INTERSECT SELECT T1.name FROM physician AS T1 JOIN affiliated_with AS T2 ON T1.EmployeeID  =  T2.physician JOIN department AS T3 ON T2.department  =  T3.DepartmentID WHERE T3.name  =  'Psychiatry';,SELECT T1.name FROM physician AS T1 JOIN affiliated_with AS T2 ON T1.employeeid = T2.physician WHERE T2.department = 'Surgery' INTERSECT IDENTIFIER - T3.name,,0,0,0,4745.67,ParseError
hospital_1_90,Which physicians are affiliated with both Surgery and Psychiatry departments? Tell me their names.,SELECT T1.name FROM physician AS T1 JOIN affiliated_with AS T2 ON T1.EmployeeID  =  T2.physician JOIN department AS T3 ON T2.department  =  T3.DepartmentID WHERE T3.name  =  'Surgery' INTERSECT SELECT T1.name FROM physician AS T1 JOIN affiliated_with AS T2 ON T1.EmployeeID  =  T2.physician JOIN department AS T3 ON T2.department  =  T3.DepartmentID WHERE T3.name  =  'Psychiatry';,SELECT T1.name FROM physician AS T1 JOIN affiliated_with AS T2 ON T1.employeeid = T2.physician WHERE T2.department = 'Surgery' INTERSECT IDENTIFIER - T3.name,,0,0,0,5069.1,ParseError
hospital_1_91,Find the name of physicians who are affiliated with Surgery or Psychiatry department.,SELECT T1.name FROM physician AS T1 JOIN affiliated_with AS T2 ON T1.EmployeeID  =  T2.physician JOIN department AS T3 ON T2.department  =  T3.DepartmentID WHERE T3.name  =  'Surgery' OR T3.name  =  'Psychiatry';,"SELECT T1.name FROM physician AS T1 JOIN affiliated_with AS T2 ON T1.employeeid = T2.physician WHERE T2.department = ""Surgery"" OR T2.DepartmentID = ""Psychiatry""","SELECT T1.name FROM physician AS T1 JOIN affiliated_with AS T2 ON T1.employeeid = T2.physician WHERE T2.department = ""Surgery"" OR T2.DepartmentID = ""Psychiatry""",0,0,0,3948.35,no such column: T2.DepartmentID
hospital_1_92,Which physicians are affiliated with either Surgery or Psychiatry department? Give me their names.,SELECT T1.name FROM physician AS T1 JOIN affiliated_with AS T2 ON T1.EmployeeID  =  T2.physician JOIN department AS T3 ON T2.department  =  T3.DepartmentID WHERE T3.name  =  'Surgery' OR T3.name  =  'Psychiatry';,"SELECT T1.name FROM physician AS T1 JOIN affiliated_with AS T2 ON T1.employeeid = T2.physician WHERE T2.department = ""Surgery"" OR T2.depty = ""Psychiatry""","SELECT T1.name FROM physician AS T1 JOIN affiliated_with AS T2 ON T1.employeeid = T2.physician WHERE T2.department = ""Surgery"" OR T2.depty = ""Psychiatry""",0,0,0,3374.17,no such column: T2.depty
hospital_1_93,Find the names of patients who are not using the medication of Procrastin-X.,SELECT name FROM patient EXCEPT SELECT T1.name FROM patient AS T1 JOIN Prescribes AS T2 ON T2.Patient  =  T1.SSN JOIN Medication AS T3 ON T2.Medication  =  T3.Code WHERE T3.name  =  'Procrastin-X';,SELECT name FROM patient WHERE SSN NOT IN (SELECT T1.SSN FROM patient AS T1 JOIN appointment AS T2 ON T1.Patient.EmployeeID),SELECT name FROM patient WHERE NOT SSN IN (SELECT T1.SSN FROM patient AS T1 JOIN appointment AS T2 ON T1.Patient.EmployeeID),0,0,0,3180.59,no such column: T1.Patient.EmployeeID
hospital_1_94,What are the names of patients who are not taking the medication of Procrastin-X.,SELECT name FROM patient EXCEPT SELECT T1.name FROM patient AS T1 JOIN Prescribes AS T2 ON T2.Patient  =  T1.SSN JOIN Medication AS T3 ON T2.Medication  =  T3.Code WHERE T3.name  =  'Procrastin-X';,SELECT name FROM patient WHERE SSN NOT IN (SELECT T1.SSN FROM patient AS T1 JOIN appointment AS T2 ON T1.EmployeeID = T2.AppointmentID),SELECT name FROM patient WHERE NOT SSN IN (SELECT T1.SSN FROM patient AS T1 JOIN appointment AS T2 ON T1.EmployeeID = T2.AppointmentID),0,0,0,2778.44,no such column: T1.EmployeeID
hospital_1_95,Find the number of patients who are not using the medication of Procrastin-X.,SELECT count(*) FROM patient WHERE SSN NOT IN ( SELECT T1.patient FROM Prescribes AS T1 JOIN Medication AS T2 ON T1.Medication  =  T2.Code WHERE T2.name  =  'Procrastin-X' );,SELECT count(*) FROM patient WHERE SSN NOT IN (SELECT T1.SSN FROM patient AS T1 JOIN appointment AS T2 ON T1.EmployeeID = T2.AppointmentID) INTERSECT,,0,0,0,3192.05,ParseError
hospital_1_96,How many patients are not using Procrastin-X as medication?,SELECT count(*) FROM patient WHERE SSN NOT IN ( SELECT T1.patient FROM Prescribes AS T1 JOIN Medication AS T2 ON T1.Medication  =  T2.Code WHERE T2.name  =  'Procrastin-X' );,SELECT count(*) FROM patient WHERE SSN NOT IN (SELECT T1.SSN FROM patient AS T1 JOIN appointment AS T2 ON T1.Patient.EmployeeID = T2.AssistingNurse),SELECT COUNT(*) FROM patient WHERE NOT SSN IN (SELECT T1.SSN FROM patient AS T1 JOIN appointment AS T2 ON T1.Patient.EmployeeID = T2.AssistingNurse),0,0,0,3754.19,no such column: T1.Patient.EmployeeID
hospital_1_97,How many appointments are there?,SELECT count(*) FROM appointment;,SELECT count(*) FROM appointment,SELECT COUNT(*) FROM appointment,1,1,1,2510.38,
hospital_1_98,Count how many appointments have been made in total.,SELECT count(*) FROM appointment;,SELECT count(*) FROM appointment,SELECT COUNT(*) FROM appointment,1,1,1,2214.06,
hospital_1_99,Find the names of nurses who are on call.,SELECT DISTINCT T1.name FROM nurse AS T1 JOIN on_call AS T2 ON T1.EmployeeID  =  T2.nurse;,SELECT T1.name FROM nurse AS T1 JOIN on_call AS T2 ON T1.employeeid = T2.nurse,SELECT T1.name FROM nurse AS T1 JOIN on_call AS T2 ON T1.employeeid = T2.nurse,0,1,1,2306.46,
hospital_1_100,What are the distinct names of nurses on call?,SELECT DISTINCT T1.name FROM nurse AS T1 JOIN on_call AS T2 ON T1.EmployeeID  =  T2.nurse;,SELECT DISTINCT T1.name FROM nurse AS T1 JOIN on_call AS T2 ON T1.employeeid = T2.nurse,SELECT DISTINCT T1.name FROM nurse AS T1 JOIN on_call AS T2 ON T1.employeeid = T2.nurse,0,1,1,2887.32,
